location,latitude,longitude,datetime,temperature_2m,relative_humidity_2m,apparent_temperature,precipitation,wind_speed_10m,wind_direction_10m,pressure_msl,cloud_cover,uv_index,alder_pollen,birch_pollen,grass_pollen,mugwort_pollen,olive_pollen,ragweed_pollen,pm10,pm2_5,dust,european_aqi,european_aqi_pm10,european_aqi_pm2_5,european_aqi_ozone,european_aqi_nitrogen_dioxide
Athens,38.0,23.75,2026-03-13 00:00:00,7.7,80,5.5,0.0,5.9,47,1021.1,0,0.0,0.0,0.0,0.2,0.0,0.0,0.0,23.8,19.2,1.0,39,25,39,16,22
Athens,38.0,23.75,2026-03-13 01:00:00,7.1,77,4.6,0.0,6.1,50,1020.8,0,0.0,0.0,0.0,0.2,0.0,0.0,0.0,21.0,18.7,1.0,38,25,38,16,20
Athens,38.0,23.75,2026-03-13 02:00:00,6.4,76,3.8,0.0,6.1,50,1020.8,0,0.0,0.0,0.0,0.2,0.0,0.0,0.0,21.6,17.5,1.0,37,24,37,18,18
Athens,38.0,23.75,2026-03-13 03:00:00,5.9,71,3.1,0.0,6.4,47,1019.8,0,0.0,0.0,0.0,0.1,0.0,0.0,0.0,22.0,18.0,1.0,35,23,35,16,17
Athens,38.0,23.75,2026-03-13 04:00:00,5.7,70,2.7,0.0,6.4,52,1019.1,0,0.0,0.0,0.0,0.1,0.0,0.0,0.0,20.3,18.7,1.0,35,22,35,16,15
Athens,38.0,23.75,2026-03-13 05:00:00,5.0,75,2.2,0.0,5.9,47,1019.0,0,0.0,0.0,0.0,0.1,0.0,0.0,0.0,18.7,16.5,1.0,34,22,34,14,15
Athens,38.0,23.75,2026-03-13 06:00:00,4.9,75,2.1,0.0,5.9,47,1019.1,0,0.0,0.0,0.0,0.0,0.0,0.0,0.0,19.8,15.8,1.0,34,21,34,12,17
Athens,38.0,23.75,2026-03-13 07:00:00,4.9,76,2.2,0.0,5.6,45,1019.3,8,0.0,0.0,0.0,0.0,0.0,0.0,0.0,21.7,15.2,1.0,33,21,33,8,21
Athens,38.0,23.75,2026-03-13 08:00:00,6.4,77,4.2,0.0,3.6,53,1019.2,13,0.5,0.0,0.0,0.0,0.0,0.0,0.0,23.6,17.8,0.0,33,21,33,9,24
Athens,38.0,23.75,2026-03-13 09:00:00,10.5,75,9.4,0.0,1.6,63,1019.0,2,1.7,0.0,0.0,0.1,0.0,0.0,0.0,25.0,15.6,1.0,32,20,32,18,20
Athens,38.0,23.75,2026-03-13 10:00:00,13.3,58,11.6,0.0,3.3,6,1018.5,16,3.15,0.0,0.0,0.4,0.0,0.0,0.0,18.5,10.8,1.0,31,20,31,26,13
Athens,38.0,23.75,2026-03-13 11:00:00,14.8,48,12.9,0.0,6.7,16,1018.2,33,4.5,0.0,0.0,0.4,0.0,0.0,0.0,15.3,8.7,2.0,31,20,31,29,7
Athens,38.0,23.75,2026-03-13 12:00:00,15.9,44,14.3,0.0,8.3,18,1017.5,43,5.45,0.0,0.0,0.6,0.0,0.0,0.0,14.2,8.3,2.0,32,20,30,32,5
Athens,38.0,23.75,2026-03-13 13:00:00,16.6,41,14.8,0.0,8.9,21,1016.7,50,5.85,0.0,0.0,0.6,0.0,0.0,0.0,13.1,7.7,2.0,33,20,30,33,4
Athens,38.0,23.75,2026-03-13 14:00:00,17.4,38,15.4,0.0,9.2,31,1016.3,40,5.55,0.0,0.0,0.6,0.0,0.0,0.0,13.2,7.6,2.0,34,19,30,34,4
Athens,38.0,23.75,2026-03-13 15:00:00,17.1,44,14.5,0.0,11.9,35,1015.5,42,4.7,0.0,0.0,0.6,0.0,0.0,0.0,13.2,6.9,2.0,34,19,29,34,4
Athens,38.0,23.75,2026-03-13 16:00:00,16.0,48,12.8,0.0,13.5,56,1015.6,20,3.4,0.0,0.0,0.5,0.0,0.0,0.0,13.0,6.1,3.0,35,19,29,35,5
Athens,38.0,23.75,2026-03-13 17:00:00,14.8,49,12.0,0.0,10.3,54,1015.7,3,1.95,0.0,0.0,0.5,0.0,0.0,0.0,13.9,6.3,3.0,34,19,29,34,7
Athens,38.0,23.75,2026-03-13 18:00:00,13.2,52,10.4,0.0,8.7,73,1015.7,0,0.7,0.0,0.0,0.6,0.0,0.0,0.0,15.2,7.7,4.0,32,19,28,32,11
Athens,38.0,23.75,2026-03-13 19:00:00,11.3,59,8.8,0.0,6.5,93,1015.7,0,0.05,0.0,0.0,0.7,0.0,0.0,0.0,17.4,11.7,4.0,28,19,28,22,20
Athens,38.0,23.75,2026-03-13 20:00:00,9.8,69,7.6,0.0,6.1,90,1015.8,0,0.0,0.0,0.0,0.7,0.0,0.0,0.0,20.6,13.7,4.0,28,19,28,18,23
Athens,38.0,23.75,2026-03-13 21:00:00,8.4,74,6.1,0.0,5.9,79,1016.0,0,0.0,0.0,0.0,0.6,0.0,0.0,0.0,24.4,18.4,4.0,28,19,27,13,28
Athens,38.0,23.75,2026-03-13 22:00:00,7.3,74,4.9,0.0,5.4,70,1016.2,0,0.0,0.1,0.0,0.4,0.0,0.0,0.0,25.6,20.1,4.0,30,19,27,12,30
Athens,38.0,23.75,2026-03-13 23:00:00,6.4,67,3.6,0.0,5.0,60,1016.1,1,0.0,0.1,0.0,0.3,0.0,0.0,0.0,25.8,19.8,4.0,29,19,27,13,29
Athens,38.0,23.75,2026-03-14 00:00:00,5.6,66,2.8,0.0,4.9,54,1015.7,69,0.0,0.0,0.0,0.2,0.0,0.0,0.0,24.0,18.0,4.0,27,19,27,13,24
Athens,38.0,23.75,2026-03-14 01:00:00,5.1,61,2.1,0.0,4.8,48,1015.6,77,0.0,0.0,0.0,0.1,0.0,0.0,0.0,23.2,16.8,4.0,27,19,27,15,21
Athens,38.0,23.75,2026-03-14 02:00:00,4.8,61,1.7,0.0,4.8,48,1015.4,78,0.0,0.0,0.0,0.0,0.0,0.0,0.0,22.8,17.0,4.0,27,19,27,17,17
Athens,38.0,23.75,2026-03-14 03:00:00,4.4,67,1.3,0.0,5.1,45,1015.2,55,0.0,0.0,0.0,0.1,0.0,0.0,0.0,22.0,16.1,4.0,27,19,27,19,14
Athens,38.0,23.75,2026-03-14 04:00:00,4.1,70,1.2,0.0,4.6,51,1014.7,52,0.0,0.0,0.0,0.1,0.0,0.0,0.0,21.4,14.8,4.0,27,19,27,19,12
Athens,38.0,23.75,2026-03-14 05:00:00,3.9,74,1.1,0.0,4.1,45,1014.6,67,0.0,0.0,0.0,0.1,0.0,0.0,0.0,21.2,14.4,3.0,26,19,26,18,12
Athens,38.0,23.75,2026-03-14 06:00:00,3.8,76,1.1,0.0,4.3,42,1014.2,76,0.0,0.0,0.0,0.1,0.0,0.0,0.0,21.4,14.6,3.0,26,20,26,15,13
Athens,38.0,23.75,2026-03-14 07:00:00,3.9,78,1.2,0.0,4.6,45,1014.1,21,0.0,0.0,0.0,0.1,0.0,0.0,0.0,22.8,15.8,4.0,26,20,26,16,13
Athens,38.0,23.75,2026-03-14 08:00:00,5.2,77,2.9,0.0,3.3,41,1014.0,7,0.55,0.0,0.0,0.1,0.0,0.0,0.0,25.4,16.6,4.0,26,20,26,16,14
Athens,38.0,23.75,2026-03-14 09:00:00,9.4,70,8.0,0.0,0.5,45,1013.6,0,1.7,0.0,0.0,0.2,0.0,0.0,0.0,23.7,14.1,4.0,26,20,26,26,12
Athens,38.0,23.75,2026-03-14 10:00:00,12.3,54,10.5,0.0,1.8,323,1013.5,9,3.2,0.0,0.0,0.5,0.0,0.0,0.0,17.9,10.8,4.0,28,20,26,28,7
Athens,38.0,23.75,2026-03-14 11:00:00,14.2,48,12.8,0.0,3.6,354,1013.1,33,4.55,0.0,0.0,0.5,0.0,0.0,0.0,15.8,8.5,4.0,32,20,26,32,5
Athens,38.0,23.75,2026-03-14 12:00:00,15.6,44,14.4,0.0,5.7,18,1012.7,44,5.55,0.0,0.0,0.5,0.0,0.0,0.0,15.8,7.5,5.0,33,20,26,33,4
Athens,38.0,23.75,2026-03-14 13:00:00,16.3,42,14.8,0.0,7.4,29,1011.8,56,5.9,0.0,0.0,0.7,0.0,0.0,0.0,15.6,7.2,5.0,35,20,26,35,4
Athens,38.0,23.75,2026-03-14 14:00:00,16.7,35,14.0,0.0,8.5,36,1011.0,72,5.65,0.0,0.0,0.6,0.0,0.0,0.0,14.9,7.3,5.0,36,20,26,36,4
Athens,38.0,23.75,2026-03-14 15:00:00,16.7,34,13.5,0.0,8.3,34,1010.4,70,4.75,0.0,0.0,0.5,0.0,0.0,0.0,14.6,7.4,5.0,36,20,26,36,4
Athens,38.0,23.75,2026-03-14 16:00:00,16.3,35,12.9,0.0,9.2,51,1010.3,63,3.45,0.0,0.0,0.5,0.0,0.0,0.0,14.7,7.6,5.0,36,20,26,36,4
Athens,38.0,23.75,2026-03-14 17:00:00,15.7,37,12.9,0.0,6.3,24,1009.9,65,1.95,0.0,0.0,0.5,0.0,0.0,0.0,15.4,8.0,5.0,36,20,26,36,5
Athens,38.0,23.75,2026-03-14 18:00:00,14.7,38,12.1,0.0,4.2,20,1009.9,31,0.7,0.0,0.0,0.6,0.0,0.0,0.0,16.3,9.4,6.0,34,20,26,34,7
Athens,38.0,23.75,2026-03-14 19:00:00,12.5,52,10.3,0.0,4.5,76,1010.3,0,0.05,0.0,0.0,0.7,0.0,0.0,0.0,19.1,12.3,6.0,28,20,26,28,14
Athens,38.0,23.75,2026-03-14 20:00:00,10.3,63,7.9,0.0,5.8,90,1010.7,0,0.0,0.0,0.0,0.9,0.0,0.0,0.0,22.3,16.9,6.0,26,20,26,18,18
Athens,38.0,23.75,2026-03-14 21:00:00,8.7,70,6.5,0.0,4.8,77,1011.2,0,0.0,0.0,0.0,0.9,0.0,0.0,0.0,25.5,19.2,6.0,27,20,27,12,23
Athens,38.0,23.75,2026-03-14 22:00:00,7.6,67,5.3,0.0,3.8,49,1011.1,0,0.0,0.0,0.0,0.8,0.0,0.0,0.0,26.7,20.9,6.0,28,20,27,12,28
Athens,38.0,23.75,2026-03-14 23:00:00,6.6,62,3.8,0.0,4.6,39,1011.1,0,0.0,0.0,0.0,0.6,0.0,0.0,0.0,28.1,22.5,6.0,30,20,27,6,30
Athens,38.0,23.75,2026-03-15 00:00:00,5.3,59,2.1,0.0,5.4,48,1011.1,0,0.0,0.0,0.0,0.5,0.0,0.0,0.0,29.6,24.8,5.0,30,20,27,6,30
Athens,38.0,23.75,2026-03-15 01:00:00,4.5,57,1.1,0.0,5.6,45,1011.2,0,0.0,0.0,0.0,0.4,0.0,0.0,0.0,28.6,23.8,6.0,29,21,28,6,29
Athens,38.0,23.75,2026-03-15 02:00:00,3.9,48,0.3,0.0,5.4,42,1011.2,0,0.0,0.0,0.0,0.3,0.0,0.0,0.0,25.9,21.1,6.0,31,21,28,5,31
Athens,38.0,23.75,2026-03-15 03:00:00,3.4,42,-0.5,0.0,5.9,43,1010.8,0,0.0,0.0,0.0,0.3,0.0,0.0,0.0,24.8,19.9,6.0,30,21,28,6,30
Athens,38.0,23.75,2026-03-15 04:00:00,3.2,41,-0.9,0.0,6.1,45,1010.7,0,0.0,0.0,0.0,0.4,0.0,0.0,0.0,23.8,18.7,6.0,29,21,29,8,26
Athens,38.0,23.75,2026-03-15 05:00:00,3.0,42,-1.1,0.0,6.4,43,1010.6,0,0.0,0.0,0.0,0.4,0.0,0.0,0.0,22.8,17.4,6.0,29,21,29,9,23
Athens,38.0,23.75,2026-03-15 06:00:00,2.9,43,-1.1,0.0,6.6,45,1010.8,0,0.0,0.0,0.0,0.4,0.0,0.0,0.0,22.0,16.9,6.0,29,21,29,10,22
Athens,38.0,23.75,2026-03-15 07:00:00,2.9,47,-1.1,0.0,6.4,43,1011.1,0,0.0,0.0,0.0,0.4,0.0,0.0,0.0,22.8,17.2,6.0,30,21,30,8,21
Athens,38.0,23.75,2026-03-15 08:00:00,4.7,51,1.1,0.0,5.6,45,1011.5,0,0.6,0.0,0.0,0.5,0.0,0.0,0.0,25.1,17.6,5.0,30,21,30,11,19
Athens,38.0,23.75,2026-03-15 09:00:00,9.3,48,6.7,0.0,2.5,45,1011.8,0,1.85,0.0,0.0,0.5,0.0,0.0,0.0,25.2,14.8,5.0,30,21,30,23,13
Athens,38.0,23.75,2026-03-15 10:00:00,12.6,39,10.2,0.0,1.1,288,1012.1,0,3.35,0.0,0.0,0.5,0.0,0.0,0.0,21.3,13.6,4.0,30,21,30,30,10
Athens,38.0,23.75,2026-03-15 11:00:00,14.3,34,12.4,0.0,2.9,263,1011.9,0,4.75,0.0,0.0,0.4,0.0,0.0,0.0,19.0,12.0,4.0,32,22,30,32,8
Athens,38.0,23.75,2026-03-15 12:00:00,15.6,31,14.3,0.0,3.1,249,1011.4,8,5.75,0.1,0.0,0.4,0.0,0.0,0.0,16.9,10.3,4.0,35,22,30,35,6
Athens,38.0,23.75,2026-03-15 13:00:00,16.5,31,14.9,0.0,6.0,245,1010.7,21,6.1,0.1,0.0,0.4,0.0,0.0,0.0,15.6,10.4,5.0,36,22,31,36,6
Athens,38.0,23.75,2026-03-15 14:00:00,17.0,31,14.6,0.0,9.2,239,1010.1,34,5.8,0.1,0.0,0.4,0.0,0.0,0.0,16.3,10.7,4.0,36,22,31,36,6
Athens,38.0,23.75,2026-03-15 15:00:00,17.0,31,13.8,0.0,10.1,207,1010.2,32,4.9,0.1,0.0,0.5,0.0,0.0,0.0,16.1,10.7,4.0,36,22,31,36,6
Athens,38.0,23.75,2026-03-15 16:00:00,16.3,46,14.0,0.0,7.0,145,1010.7,25,3.55,0.1,0.0,0.5,0.0,0.0,0.0,16.0,10.8,4.0,38,22,31,38,5
Athens,38.0,23.75,2026-03-15 17:00:00,15.1,53,12.5,0.0,10.9,73,1011.0,17,2.05,0.1,0.0,0.6,0.0,0.0,0.0,15.3,10.9,3.0,38,22,32,38,4
Athens,38.0,23.75,2026-03-15 18:00:00,13.1,62,10.6,0.0,10.5,63,1011.8,1,0.7,0.2,0.0,0.7,0.0,0.0,0.0,17.6,11.2,3.0,36,22,32,36,6
Athens,38.0,23.75,2026-03-15 19:00:00,11.6,66,9.5,0.0,7.3,70,1012.4,8,0.05,0.2,0.0,0.7,0.0,0.0,0.0,20.4,12.6,3.0,33,22,32,33,10
Athens,38.0,23.75,2026-03-15 20:00:00,10.5,72,8.6,0.0,5.7,72,1013.2,10,0.0,0.2,0.0,0.8,0.0,0.0,0.0,22.4,15.9,3.0,32,22,32,30,12
Athens,38.0,23.75,2026-03-15 21:00:00,9.2,79,7.4,0.0,5.5,67,1013.7,7,0.0,0.2,0.0,0.7,0.0,0.0,0.0,26.8,19.1,3.0,32,22,32,22,20
Athens,38.0,23.75,2026-03-15 22:00:00,8.2,82,6.3,0.0,5.8,60,1013.9,6,0.0,0.2,0.0,0.6,0.0,0.0,0.0,27.9,21.0,4.0,32,22,32,12,23
Athens,38.0,23.75,2026-03-15 23:00:00,7.3,81,5.1,0.0,5.7,55,1014.2,22,0.0,0.2,0.0,0.5,0.0,0.0,0.0,31.6,24.4,4.0,32,22,32,11,25
Athens,38.0,23.75,2026-03-16 00:00:00,6.7,79,4.3,0.0,5.9,52,1014.2,38,0.0,0.1,0.0,0.5,0.0,0.0,0.0,32.0,24.6,3.0,32,22,32,12,23
Athens,38.0,23.75,2026-03-16 01:00:00,6.4,78,3.8,0.0,6.2,54,1014.2,18,0.0,0.1,0.0,0.5,0.0,0.0,0.0,31.1,23.9,3.0,32,22,32,13,21
Athens,38.0,23.75,2026-03-16 02:00:00,6.0,77,3.6,0.0,4.8,48,1014.2,93,0.0,0.1,0.0,0.4,0.0,0.0,0.0,29.3,22.8,3.0,32,22,32,14,21
Athens,38.0,23.75,2026-03-16 03:00:00,5.7,77,3.1,0.0,5.6,40,1014.1,100,0.0,0.1,0.0,0.4,0.0,0.0,0.0,27.4,21.3,3.0,32,23,32,16,18
Athens,38.0,23.75,2026-03-16 04:00:00,5.6,78,2.9,0.0,6.5,56,1013.9,92,0.0,0.1,0.0,0.4,0.0,0.0,0.0,25.2,19.5,3.0,32,23,32,17,16
Athens,38.0,23.75,2026-03-16 05:00:00,5.7,77,2.9,0.0,7.0,55,1014.0,65,0.0,0.1,0.0,0.3,0.0,0.0,0.0,23.4,18.1,3.0,32,23,32,18,14
Athens,38.0,23.75,2026-03-16 06:00:00,5.5,71,2.6,0.0,6.4,52,1014.3,10,0.0,0.1,0.0,0.4,0.0,0.0,0.0,22.7,17.5,3.0,33,23,33,16,15
Athens,38.0,23.75,2026-03-16 07:00:00,5.2,67,2.1,0.0,6.6,49,1014.7,5,0.05,0.1,0.0,0.5,0.0,0.0,0.0,23.8,16.9,3.0,33,23,33,12,21
Athens,38.0,23.75,2026-03-16 08:00:00,7.1,63,4.2,0.0,6.1,50,1015.3,0,0.55,0.1,0.0,0.9,0.0,0.0,0.0,24.7,17.6,3.0,33,23,33,10,25
Athens,38.0,23.75,2026-03-16 09:00:00,11.6,59,9.5,0.0,4.6,45,1015.5,0,1.55,0.1,0.0,0.9,0.0,0.0,0.0,22.9,17.0,3.0,33,23,33,24,19
Athens,38.0,23.75,2026-03-16 10:00:00,14.1,53,12.0,0.0,5.6,45,1015.6,1,2.8,0.1,0.0,0.8,0.0,0.0,0.0,19.1,12.6,3.0,33,23,33,28,13
Athens,38.0,23.75,2026-03-16 11:00:00,15.7,49,14.2,0.0,6.9,51,1015.4,15,3.95,0.1,0.0,0.6,0.0,0.0,0.0,16.7,9.9,3.0,34,23,33,34,8
Athens,38.0,23.75,2026-03-16 12:00:00,16.8,45,15.5,0.0,8.5,62,1015.2,34,5.4,0.1,0.0,0.6,0.0,0.0,0.0,16.6,9.6,3.0,38,23,32,38,6
Athens,38.0,23.75,2026-03-16 13:00:00,17.2,38,15.7,0.0,6.1,93,1014.9,87,5.5,0.1,0.0,0.6,0.0,0.0,0.0,16.2,9.7,3.0,39,23,32,39,5
Athens,38.0,23.75,2026-03-16 14:00:00,17.5,40,15.7,0.0,4.2,149,1014.6,91,5.75,0.1,0.0,0.7,0.0,0.0,0.0,15.1,9.9,3.0,39,23,32,39,5
Athens,38.0,23.75,2026-03-16 15:00:00,17.4,41,15.6,0.0,4.0,95,1014.4,95,4.75,0.1,0.0,0.7,0.0,0.0,0.0,15.3,9.8,3.0,39,23,32,39,4
Athens,38.0,23.75,2026-03-16 16:00:00,16.7,48,14.1,0.0,10.5,82,1014.4,94,3.5,0.1,0.0,0.6,0.0,0.0,0.0,16.2,9.6,3.0,39,22,32,39,5
Athens,38.0,23.75,2026-03-16 17:00:00,15.4,53,12.7,0.0,11.7,72,1014.6,100,1.95,0.1,0.0,0.6,0.0,0.0,0.0,16.7,10.0,3.0,39,22,32,39,6
Athens,38.0,23.75,2026-03-16 18:00:00,14.2,51,11.5,0.0,9.2,69,1014.8,100,0.7,0.1,0.0,0.7,0.0,0.0,0.0,18.9,11.5,3.0,36,23,32,36,10
Athens,38.0,23.75,2026-03-16 19:00:00,12.9,47,10.0,0.0,7.6,65,1015.2,100,0.05,0.2,0.0,0.9,0.0,0.0,0.0,20.2,13.7,3.0,32,23,32,31,16
Athens,38.0,23.75,2026-03-16 20:00:00,11.8,47,8.9,0.0,6.2,54,1015.7,99,0.0,0.1,0.0,0.9,0.0,0.0,0.0,23.8,18.0,3.0,32,23,32,29,20
Athens,38.0,23.75,2026-03-16 21:00:00,10.7,46,7.7,0.0,6.1,50,1015.7,81,0.0,0.1,0.0,0.9,0.0,0.0,0.0,28.0,21.5,3.0,32,23,32,23,23
Athens,38.0,23.75,2026-03-16 22:00:00,9.8,47,6.6,0.0,6.7,54,1015.4,62,0.0,0.1,0.0,0.9,0.0,0.0,0.0,28.8,22.8,3.0,33,23,33,20,22
Athens,38.0,23.75,2026-03-16 23:00:00,9.0,48,5.6,0.0,7.2,53,1015.2,44,0.0,0.1,0.0,0.9,0.0,0.0,0.0,28.1,21.4,3.0,33,23,33,23,20
Athens,38.0,23.75,2026-03-17 00:00:00,8.2,51,4.9,0.0,6.9,51,1015.0,57,0.0,0.1,0.0,0.8,0.0,0.0,0.0,24.5,18.4,4.2,32,23,32,25,15
Athens,38.0,23.75,2026-03-17 01:00:00,7.5,54,4.3,0.0,6.4,52,1014.9,70,0.0,0.1,0.0,0.7,0.0,0.0,0.0,23.0,17.2,5.0,33,23,33,24,12
Athens,38.0,23.75,2026-03-17 02:00:00,7.1,58,4.0,0.0,6.1,50,1014.7,83,0.0,0.1,0.0,0.6,0.0,0.0,0.0,23.6,18.2,6.0,34,23,34,20,13
Athens,38.0,23.75,2026-03-17 03:00:00,6.8,62,3.7,0.0,6.6,49,1014.4,60,0.0,,,,,,,25.7,20.7,7.0,35,23,35,16,14
Athens,38.0,23.75,2026-03-17 04:00:00,6.6,65,3.5,0.0,7.7,49,1014.0,36,0.0,,,,,,,26.5,21.7,7.0,36,24,36,15,14
Athens,38.0,23.75,2026-03-17 05:00:00,6.9,67,3.7,0.0,8.4,47,1013.8,13,0.0,,,,,,,26.8,22.2,7.0,36,23,36,15,13
Athens,38.0,23.75,2026-03-17 06:00:00,7.7,68,4.7,0.0,8.4,47,1013.8,42,0.0,,,,,,,26.3,22.1,6.0,35,23,35,16,13
Athens,38.0,23.75,2026-03-17 07:00:00,8.8,67,6.0,0.0,8.2,49,1014.0,71,0.0,,,,,,,26.4,22.1,5.0,35,23,35,18,12
Athens,38.0,23.75,2026-03-17 08:00:00,10.1,64,7.3,0.0,8.9,47,1014.1,100,0.45,,,,,,,24.0,20.2,5.0,34,23,34,20,11
Athens,38.0,23.75,2026-03-17 09:00:00,11.7,58,8.4,0.0,12.5,44,1014.0,97,1.8,,,,,,,20.8,16.8,6.0,33,22,33,26,8
Athens,38.0,23.75,2026-03-17 10:00:00,13.4,50,9.4,0.0,16.8,42,1013.9,94,3.3,,,,,,,17.2,10.7,8.0,33,22,33,33,5
Athens,38.0,23.75,2026-03-17 11:00:00,14.6,44,10.0,0.0,19.9,41,1013.7,91,4.7,,,,,,,16.4,10.1,9.0,38,22,33,38,3
Athens,38.0,23.75,2026-03-17 12:00:00,15.0,42,10.3,0.0,20.2,40,1013.5,94,5.15,,,,,,,16.4,9.9,10.0,41,22,32,41,2
Athens,38.0,23.75,2026-03-17 13:00:00,15.0,41,10.4,0.0,18.9,40,1013.2,97,5.4,,,,,,,16.3,9.5,10.0,41,22,32,41,2
Athens,38.0,23.75,2026-03-17 14:00:00,14.7,42,10.3,0.0,17.6,41,1013.0,100,4.4,,,,,,,16.1,9.0,11.0,42,21,32,42,2
Athens,38.0,23.75,2026-03-17 15:00:00,14.1,43,9.9,0.0,16.6,42,1012.7,100,3.35,,,,,,,15.9,8.6,12.0,43,21,31,43,2
Athens,38.0,23.75,2026-03-17 16:00:00,13.4,45,9.2,0.0,15.8,45,1012.5,100,3.0,,,,,,,16.2,8.5,12.0,43,21,31,43,2
Athens,38.0,23.75,2026-03-17 17:00:00,12.6,48,8.7,0.0,14.5,48,1012.3,100,1.0,,,,,,,16.9,8.8,13.0,42,21,31,42,2
Athens,38.0,23.75,2026-03-17 18:00:00,11.8,51,8.2,0.0,12.5,51,1012.3,99,0.45,,,,,,,16.9,9.2,13.0,41,21,31,41,2
Athens,38.0,23.75,2026-03-17 19:00:00,11.0,55,7.8,0.0,10.6,55,1012.4,97,0.05,,,,,,,17.6,9.9,13.0,39,21,30,39,3
Athens,38.0,23.75,2026-03-17 20:00:00,10.4,58,7.4,0.0,8.6,57,1012.5,96,0.0,,,,,,,18.3,10.4,13.0,38,21,30,38,3
Athens,38.0,23.75,2026-03-17 21:00:00,9.9,61,7.2,0.0,7.3,57,1012.5,90,0.0,,,,,,,18.6,10.6,13.0,36,21,30,36,4
Athens,38.0,23.75,2026-03-17 22:00:00,9.4,64,6.9,0.0,6.1,50,1012.6,85,0.0,,,,,,,18.5,10.7,12.0,35,21,29,35,4
Athens,38.0,23.75,2026-03-17 23:00:00,9.1,66,6.7,0.0,5.6,45,1012.5,79,0.0,,,,,,,18.3,11.0,11.0,33,21,29,33,4
