location,latitude,longitude,datetime,temperature_2m,relative_humidity_2m,apparent_temperature,precipitation,wind_speed_10m,wind_direction_10m,pressure_msl,cloud_cover,uv_index
Athens,38.0,23.75,2026-03-13 00:00:00,7.7,80,5.5,0.0,5.9,47,1021.1,0,0.0
Athens,38.0,23.75,2026-03-13 01:00:00,7.1,77,4.6,0.0,6.1,50,1020.8,0,0.0
Athens,38.0,23.75,2026-03-13 02:00:00,6.4,76,3.8,0.0,6.1,50,1020.8,0,0.0
Athens,38.0,23.75,2026-03-13 03:00:00,5.9,71,3.1,0.0,6.4,47,1019.8,0,0.0
Athens,38.0,23.75,2026-03-13 04:00:00,5.7,70,2.7,0.0,6.4,52,1019.1,0,0.0
Athens,38.0,23.75,2026-03-13 05:00:00,5.0,75,2.2,0.0,5.9,47,1019.0,0,0.0
Athens,38.0,23.75,2026-03-13 06:00:00,4.9,75,2.1,0.0,5.9,47,1019.1,0,0.0
Athens,38.0,23.75,2026-03-13 07:00:00,4.9,76,2.2,0.0,5.6,45,1019.3,8,0.0
Athens,38.0,23.75,2026-03-13 08:00:00,6.4,77,4.2,0.0,3.6,53,1019.2,13,0.5
Athens,38.0,23.75,2026-03-13 09:00:00,10.5,75,9.4,0.0,1.6,63,1019.0,2,1.7
Athens,38.0,23.75,2026-03-13 10:00:00,13.3,58,11.6,0.0,3.3,6,1018.5,16,3.15
Athens,38.0,23.75,2026-03-13 11:00:00,14.8,48,12.9,0.0,6.7,16,1018.2,33,4.5
Athens,38.0,23.75,2026-03-13 12:00:00,15.9,44,14.3,0.0,8.3,18,1017.5,43,5.45
Athens,38.0,23.75,2026-03-13 13:00:00,16.6,41,14.8,0.0,8.9,21,1016.7,50,5.85
Athens,38.0,23.75,2026-03-13 14:00:00,17.4,38,15.4,0.0,9.2,31,1016.3,40,5.55
Athens,38.0,23.75,2026-03-13 15:00:00,17.1,44,14.5,0.0,11.9,35,1015.5,42,4.7
Athens,38.0,23.75,2026-03-13 16:00:00,16.0,48,12.8,0.0,13.5,56,1015.6,20,3.4
Athens,38.0,23.75,2026-03-13 17:00:00,14.8,49,12.0,0.0,10.3,54,1015.7,3,1.95
Athens,38.0,23.75,2026-03-13 18:00:00,13.2,52,10.4,0.0,8.7,73,1015.7,0,0.7
Athens,38.0,23.75,2026-03-13 19:00:00,11.3,59,8.8,0.0,6.5,93,1015.7,0,0.05
Athens,38.0,23.75,2026-03-13 20:00:00,9.8,69,7.6,0.0,6.1,90,1015.8,0,0.0
Athens,38.0,23.75,2026-03-13 21:00:00,8.4,74,6.1,0.0,5.9,79,1016.0,0,0.0
Athens,38.0,23.75,2026-03-13 22:00:00,7.3,74,4.9,0.0,5.4,70,1016.2,0,0.0
Athens,38.0,23.75,2026-03-13 23:00:00,6.4,67,3.6,0.0,5.0,60,1016.1,1,0.0
Athens,38.0,23.75,2026-03-14 00:00:00,5.6,66,2.8,0.0,4.9,54,1015.7,69,0.0
Athens,38.0,23.75,2026-03-14 01:00:00,5.1,61,2.1,0.0,4.8,48,1015.6,77,0.0
Athens,38.0,23.75,2026-03-14 02:00:00,4.8,61,1.7,0.0,4.8,48,1015.4,78,0.0
Athens,38.0,23.75,2026-03-14 03:00:00,4.4,67,1.3,0.0,5.1,45,1015.2,55,0.0
Athens,38.0,23.75,2026-03-14 04:00:00,4.1,70,1.2,0.0,4.6,51,1014.7,52,0.0
Athens,38.0,23.75,2026-03-14 05:00:00,3.9,74,1.1,0.0,4.1,45,1014.6,67,0.0
Athens,38.0,23.75,2026-03-14 06:00:00,3.8,76,1.1,0.0,4.3,42,1014.2,76,0.0
Athens,38.0,23.75,2026-03-14 07:00:00,3.9,78,1.2,0.0,4.6,45,1014.1,21,0.0
Athens,38.0,23.75,2026-03-14 08:00:00,5.2,77,2.9,0.0,3.3,41,1014.0,7,0.55
Athens,38.0,23.75,2026-03-14 09:00:00,9.4,70,8.0,0.0,0.5,45,1013.6,0,1.7
Athens,38.0,23.75,2026-03-14 10:00:00,12.3,54,10.5,0.0,1.8,323,1013.5,9,3.2
Athens,38.0,23.75,2026-03-14 11:00:00,14.2,48,12.8,0.0,3.6,354,1013.1,33,4.55
Athens,38.0,23.75,2026-03-14 12:00:00,15.6,44,14.4,0.0,5.7,18,1012.7,44,5.55
Athens,38.0,23.75,2026-03-14 13:00:00,16.3,42,14.8,0.0,7.4,29,1011.8,56,5.9
Athens,38.0,23.75,2026-03-14 14:00:00,16.7,35,14.0,0.0,8.5,36,1011.0,72,5.65
Athens,38.0,23.75,2026-03-14 15:00:00,16.7,34,13.5,0.0,8.3,34,1010.4,70,4.75
Athens,38.0,23.75,2026-03-14 16:00:00,16.3,35,12.9,0.0,9.2,51,1010.3,63,3.45
Athens,38.0,23.75,2026-03-14 17:00:00,15.7,37,12.9,0.0,6.3,24,1009.9,65,1.95
Athens,38.0,23.75,2026-03-14 18:00:00,14.7,38,12.1,0.0,4.2,20,1009.9,31,0.7
Athens,38.0,23.75,2026-03-14 19:00:00,12.5,52,10.3,0.0,4.5,76,1010.3,0,0.05
Athens,38.0,23.75,2026-03-14 20:00:00,10.3,63,7.9,0.0,5.8,90,1010.7,0,0.0
Athens,38.0,23.75,2026-03-14 21:00:00,8.7,70,6.5,0.0,4.8,77,1011.2,0,0.0
Athens,38.0,23.75,2026-03-14 22:00:00,7.6,67,5.3,0.0,3.8,49,1011.1,0,0.0
Athens,38.0,23.75,2026-03-14 23:00:00,6.6,62,3.8,0.0,4.6,39,1011.1,0,0.0
Athens,38.0,23.75,2026-03-15 00:00:00,5.3,59,2.1,0.0,5.4,48,1011.1,0,0.0
Athens,38.0,23.75,2026-03-15 01:00:00,4.5,57,1.1,0.0,5.6,45,1011.2,0,0.0
Athens,38.0,23.75,2026-03-15 02:00:00,3.9,48,0.3,0.0,5.4,42,1011.2,0,0.0
Athens,38.0,23.75,2026-03-15 03:00:00,3.4,42,-0.5,0.0,5.9,43,1010.8,0,0.0
Athens,38.0,23.75,2026-03-15 04:00:00,3.2,41,-0.9,0.0,6.1,45,1010.7,0,0.0
Athens,38.0,23.75,2026-03-15 05:00:00,3.0,42,-1.1,0.0,6.4,43,1010.6,0,0.0
Athens,38.0,23.75,2026-03-15 06:00:00,2.9,43,-1.1,0.0,6.6,45,1010.8,0,0.0
Athens,38.0,23.75,2026-03-15 07:00:00,2.9,47,-1.1,0.0,6.4,43,1011.1,0,0.0
Athens,38.0,23.75,2026-03-15 08:00:00,4.7,51,1.1,0.0,5.6,45,1011.5,0,0.6
Athens,38.0,23.75,2026-03-15 09:00:00,9.3,48,6.7,0.0,2.5,45,1011.8,0,1.85
Athens,38.0,23.75,2026-03-15 10:00:00,12.6,39,10.2,0.0,1.1,288,1012.1,0,3.35
Athens,38.0,23.75,2026-03-15 11:00:00,14.3,34,12.4,0.0,2.9,263,1011.9,0,4.75
Athens,38.0,23.75,2026-03-15 12:00:00,15.6,31,14.3,0.0,3.1,249,1011.4,8,5.75
Athens,38.0,23.75,2026-03-15 13:00:00,16.5,31,14.9,0.0,6.0,245,1010.7,21,6.1
Athens,38.0,23.75,2026-03-15 14:00:00,17.0,31,14.6,0.0,9.2,239,1010.1,34,5.8
Athens,38.0,23.75,2026-03-15 15:00:00,17.0,31,13.8,0.0,10.1,207,1010.2,32,4.9
Athens,38.0,23.75,2026-03-15 16:00:00,16.3,46,14.0,0.0,7.0,145,1010.7,25,3.55
Athens,38.0,23.75,2026-03-15 17:00:00,15.1,53,12.5,0.0,10.9,73,1011.0,17,2.05
Athens,38.0,23.75,2026-03-15 18:00:00,13.1,62,10.6,0.0,10.5,63,1011.8,1,0.7
Athens,38.0,23.75,2026-03-15 19:00:00,11.6,66,9.5,0.0,7.3,70,1012.4,8,0.05
Athens,38.0,23.75,2026-03-15 20:00:00,10.5,72,8.6,0.0,5.7,72,1013.2,10,0.0
Athens,38.0,23.75,2026-03-15 21:00:00,9.2,79,7.4,0.0,5.5,67,1013.7,7,0.0
Athens,38.0,23.75,2026-03-15 22:00:00,8.2,82,6.3,0.0,5.8,60,1013.9,6,0.0
Athens,38.0,23.75,2026-03-15 23:00:00,7.3,81,5.1,0.0,5.7,55,1014.2,22,0.0
Athens,38.0,23.75,2026-03-16 00:00:00,6.7,79,4.3,0.0,5.9,52,1014.2,38,0.0
Athens,38.0,23.75,2026-03-16 01:00:00,6.4,78,3.8,0.0,6.2,54,1014.2,18,0.0
Athens,38.0,23.75,2026-03-16 02:00:00,6.0,77,3.6,0.0,4.8,48,1014.2,93,0.0
Athens,38.0,23.75,2026-03-16 03:00:00,5.7,77,3.1,0.0,5.6,40,1014.1,100,0.0
Athens,38.0,23.75,2026-03-16 04:00:00,5.6,78,2.9,0.0,6.5,56,1013.9,92,0.0
Athens,38.0,23.75,2026-03-16 05:00:00,5.7,77,2.9,0.0,7.0,55,1014.0,65,0.0
Athens,38.0,23.75,2026-03-16 06:00:00,5.5,71,2.6,0.0,6.4,52,1014.3,10,0.0
Athens,38.0,23.75,2026-03-16 07:00:00,5.2,67,2.1,0.0,6.6,49,1014.7,5,0.05
Athens,38.0,23.75,2026-03-16 08:00:00,7.1,63,4.2,0.0,6.1,50,1015.3,0,0.55
Athens,38.0,23.75,2026-03-16 09:00:00,11.6,59,9.5,0.0,4.6,45,1015.5,0,1.55
Athens,38.0,23.75,2026-03-16 10:00:00,14.1,53,12.0,0.0,5.6,45,1015.6,1,2.8
Athens,38.0,23.75,2026-03-16 11:00:00,15.7,49,14.2,0.0,6.9,51,1015.4,15,3.95
Athens,38.0,23.75,2026-03-16 12:00:00,16.8,45,15.5,0.0,8.5,62,1015.2,34,5.4
Athens,38.0,23.75,2026-03-16 13:00:00,17.2,38,15.7,0.0,6.1,93,1014.9,87,5.5
Athens,38.0,23.75,2026-03-16 14:00:00,17.5,40,15.7,0.0,4.2,149,1014.6,91,5.75
Athens,38.0,23.75,2026-03-16 15:00:00,17.4,41,15.6,0.0,4.0,95,1014.4,95,4.75
Athens,38.0,23.75,2026-03-16 16:00:00,16.7,48,14.1,0.0,10.5,82,1014.4,94,3.5
Athens,38.0,23.75,2026-03-16 17:00:00,15.4,53,12.7,0.0,11.7,72,1014.6,100,1.95
Athens,38.0,23.75,2026-03-16 18:00:00,14.2,51,11.5,0.0,9.2,69,1014.8,100,0.7
Athens,38.0,23.75,2026-03-16 19:00:00,12.9,47,10.0,0.0,7.6,65,1015.2,100,0.05
Athens,38.0,23.75,2026-03-16 20:00:00,11.8,47,8.9,0.0,6.2,54,1015.7,99,0.0
Athens,38.0,23.75,2026-03-16 21:00:00,10.7,46,7.7,0.0,6.1,50,1015.7,81,0.0
Athens,38.0,23.75,2026-03-16 22:00:00,9.8,47,6.6,0.0,6.7,54,1015.4,62,0.0
Athens,38.0,23.75,2026-03-16 23:00:00,9.0,48,5.6,0.0,7.2,53,1015.2,44,0.0
Athens,38.0,23.75,2026-03-17 00:00:00,8.2,51,4.9,0.0,6.9,51,1015.0,57,0.0
Athens,38.0,23.75,2026-03-17 01:00:00,7.5,54,4.3,0.0,6.4,52,1014.9,70,0.0
Athens,38.0,23.75,2026-03-17 02:00:00,7.1,58,4.0,0.0,6.1,50,1014.7,83,0.0
Athens,38.0,23.75,2026-03-17 03:00:00,6.8,62,3.7,0.0,6.6,49,1014.4,60,0.0
Athens,38.0,23.75,2026-03-17 04:00:00,6.6,65,3.5,0.0,7.7,49,1014.0,36,0.0
Athens,38.0,23.75,2026-03-17 05:00:00,6.9,67,3.7,0.0,8.4,47,1013.8,13,0.0
Athens,38.0,23.75,2026-03-17 06:00:00,7.7,68,4.7,0.0,8.4,47,1013.8,42,0.0
Athens,38.0,23.75,2026-03-17 07:00:00,8.8,67,6.0,0.0,8.2,49,1014.0,71,0.0
Athens,38.0,23.75,2026-03-17 08:00:00,10.1,64,7.3,0.0,8.9,47,1014.1,100,0.45
Athens,38.0,23.75,2026-03-17 09:00:00,11.7,58,8.4,0.0,12.5,44,1014.0,97,1.8
Athens,38.0,23.75,2026-03-17 10:00:00,13.4,50,9.4,0.0,16.8,42,1013.9,94,3.3
Athens,38.0,23.75,2026-03-17 11:00:00,14.6,44,10.0,0.0,19.9,41,1013.7,91,4.7
Athens,38.0,23.75,2026-03-17 12:00:00,15.0,42,10.3,0.0,20.2,40,1013.5,94,5.15
Athens,38.0,23.75,2026-03-17 13:00:00,15.0,41,10.4,0.0,18.9,40,1013.2,97,5.4
Athens,38.0,23.75,2026-03-17 14:00:00,14.7,42,10.3,0.0,17.6,41,1013.0,100,4.4
Athens,38.0,23.75,2026-03-17 15:00:00,14.1,43,9.9,0.0,16.6,42,1012.7,100,3.35
Athens,38.0,23.75,2026-03-17 16:00:00,13.4,45,9.2,0.0,15.8,45,1012.5,100,3.0
Athens,38.0,23.75,2026-03-17 17:00:00,12.6,48,8.7,0.0,14.5,48,1012.3,100,1.0
Athens,38.0,23.75,2026-03-17 18:00:00,11.8,51,8.2,0.0,12.5,51,1012.3,99,0.45
Athens,38.0,23.75,2026-03-17 19:00:00,11.0,55,7.8,0.0,10.6,55,1012.4,97,0.05
Athens,38.0,23.75,2026-03-17 20:00:00,10.4,58,7.4,0.0,8.6,57,1012.5,96,0.0
Athens,38.0,23.75,2026-03-17 21:00:00,9.9,61,7.2,0.0,7.3,57,1012.5,90,0.0
Athens,38.0,23.75,2026-03-17 22:00:00,9.4,64,6.9,0.0,6.1,50,1012.6,85,0.0
Athens,38.0,23.75,2026-03-17 23:00:00,9.1,66,6.7,0.0,5.6,45,1012.5,79,0.0
Athens,38.0,23.75,2026-03-18 00:00:00,8.9,67,6.5,0.0,5.4,42,1012.3,81,0.0
Athens,38.0,23.75,2026-03-18 01:00:00,8.7,66,6.3,0.0,5.6,45,1012.0,84,0.0
Athens,38.0,23.75,2026-03-18 02:00:00,8.7,66,6.2,0.0,5.6,45,1011.7,86,0.0
Athens,38.0,23.75,2026-03-18 03:00:00,8.7,66,6.2,0.0,5.6,40,1011.3,91,0.0
Athens,38.0,23.75,2026-03-18 04:00:00,8.8,66,6.3,0.0,5.6,40,1010.9,95,0.0
Athens,38.0,23.75,2026-03-18 05:00:00,8.9,66,6.5,0.0,5.9,38,1010.6,100,0.0
Athens,38.0,23.75,2026-03-18 06:00:00,9.1,68,6.7,0.1,6.4,43,1010.4,100,0.0
Athens,38.0,23.75,2026-03-18 07:00:00,9.5,71,7.1,0.1,7.4,51,1010.4,100,0.05
Athens,38.0,23.75,2026-03-18 08:00:00,10.0,71,7.6,0.1,8.2,52,1010.3,100,0.45
Athens,38.0,23.75,2026-03-18 09:00:00,11.0,67,8.5,0.0,9.2,42,1010.3,100,1.55
Athens,38.0,23.75,2026-03-18 10:00:00,12.3,61,9.6,0.0,10.3,29,1010.2,100,3.25
Athens,38.0,23.75,2026-03-18 11:00:00,13.3,56,10.4,0.0,11.8,23,1010.1,100,4.6
Athens,38.0,23.75,2026-03-18 12:00:00,14.1,54,10.9,0.0,13.9,21,1009.8,97,5.55
Athens,38.0,23.75,2026-03-18 13:00:00,14.8,52,11.3,0.0,15.7,19,1009.3,96,5.3
Athens,38.0,23.75,2026-03-18 14:00:00,15.1,52,11.5,0.0,17.1,16,1009.1,94,4.65
Athens,38.0,23.75,2026-03-18 15:00:00,15.0,52,11.3,0.0,17.7,13,1009.0,88,3.95
Athens,38.0,23.75,2026-03-18 16:00:00,14.6,53,10.9,0.0,17.0,13,1008.8,81,2.9
Athens,38.0,23.75,2026-03-18 17:00:00,14.0,55,10.5,0.0,15.9,13,1008.9,75,2.0
Athens,38.0,23.75,2026-03-18 18:00:00,13.2,58,10.0,0.0,13.5,9,1009.3,77,1.25
Athens,38.0,23.75,2026-03-18 19:00:00,12.2,61,9.3,0.0,10.8,2,1009.9,80,0.6
Athens,38.0,23.75,2026-03-18 20:00:00,11.3,64,8.8,0.0,8.7,353,1010.4,82,0.15
Athens,38.0,23.75,2026-03-18 21:00:00,10.8,66,8.4,0.0,7.7,349,1010.6,75,0.0
Athens,38.0,23.75,2026-03-18 22:00:00,10.5,69,8.2,0.0,7.3,349,1010.6,67,0.0
Athens,38.0,23.75,2026-03-18 23:00:00,10.2,70,7.9,0.0,7.0,348,1010.6,60,0.0
Athens,38.0,23.75,2026-03-19 00:00:00,9.9,70,7.6,0.0,7.0,348,1010.5,50,0.0
Athens,38.0,23.75,2026-03-19 01:00:00,9.6,70,7.1,0.0,7.7,349,1010.2,39,0.0
Athens,38.0,23.75,2026-03-19 02:00:00,9.4,69,6.8,0.0,8.0,352,1010.0,29,0.0
Athens,38.0,23.75,2026-03-19 03:00:00,9.2,68,6.6,0.0,8.0,355,1009.7,28,0.0
Athens,38.0,23.75,2026-03-19 04:00:00,9.1,67,6.4,0.0,8.3,358,1009.5,26,0.0
Athens,38.0,23.75,2026-03-19 05:00:00,9.2,66,6.4,0.0,8.6,360,1009.4,25,0.0
Athens,38.0,23.75,2026-03-19 06:00:00,9.5,65,6.6,0.0,9.4,360,1009.6,30,0.0
Athens,38.0,23.75,2026-03-19 07:00:00,10.0,64,6.9,0.0,10.4,360,1010.0,35,0.0
Athens,38.0,23.75,2026-03-19 08:00:00,10.7,62,7.5,0.0,11.9,2,1010.3,40,0.05
Athens,38.0,23.75,2026-03-19 09:00:00,11.8,58,8.2,0.0,14.5,7,1010.5,41,0.15
Athens,38.0,23.75,2026-03-19 10:00:00,13.1,53,9.0,0.0,17.7,12,1010.7,43,0.3
Athens,38.0,23.75,2026-03-19 11:00:00,14.2,48,9.9,0.0,20.1,15,1010.7,44,0.4
Athens,38.0,23.75,2026-03-19 12:00:00,15.1,44,11.1,0.0,21.0,16,1010.6,29,0.5
Athens,38.0,23.75,2026-03-19 13:00:00,15.8,41,11.9,0.0,21.3,16,1010.3,15,0.65
Athens,38.0,23.75,2026-03-19 14:00:00,16.1,40,12.3,0.0,20.9,15,1010.1,0,0.7
Athens,38.0,23.75,2026-03-19 15:00:00,15.8,40,11.8,0.0,20.2,11,1010.0,0,0.7
Athens,38.0,23.75,2026-03-19 16:00:00,15.1,42,10.7,0.0,18.8,7,1010.0,0,0.6
Athens,38.0,23.75,2026-03-19 17:00:00,14.2,45,10.0,0.0,16.9,2,1010.1,0,0.55
Athens,38.0,23.75,2026-03-19 18:00:00,13.0,49,9.3,0.0,13.3,360,1010.5,0,0.5
Athens,38.0,23.75,2026-03-19 19:00:00,11.5,55,8.6,0.0,9.0,360,1011.1,0,0.4
Athens,38.0,23.75,2026-03-19 20:00:00,10.2,60,7.8,0.0,5.4,360,1011.6,0,0.3
Athens,38.0,23.75,2026-03-19 21:00:00,9.3,64,7.2,0.0,3.6,360,1011.8,2,0.2
Athens,38.0,23.75,2026-03-19 22:00:00,8.6,68,6.6,0.0,2.9,360,1012.0,4,0.1
Athens,38.0,23.75,2026-03-19 23:00:00,8.0,71,6.1,0.0,2.5,360,1012.0,6,0.0
